"Reference","Value","Footprint","Qty","DNP","Ordering_Code","Ordering_Link"
"C1,C3","0.1uF/50V","Capacitor_SMD:C_0603_1608Metric_Pad1.08x0.95mm_HandSolder","2","","CGA3E2X7R1H104K080AA","-- mixed values --"
"C2","2.2uF/50V","Capacitor_SMD:CP_Elec_4x5.3","1","","SC1H225M04005VR","https://ozdisan.com/pasif-komponentler/kapasitorler/aluminyum-kapasitorler/SC1H225M04005VR/27464"
"C4","4700pF/50V","Capacitor_SMD:C_0603_1608Metric_Pad1.08x0.95mm_HandSolder","1","","CL10B472KB8WPNC","https://www.digikey.com/en/products/detail/samsung-electro-mechanics/CL10B472KB8WPNC/5961016"
"C5,C6","8.2pF/50V","Capacitor_SMD:C_0603_1608Metric_Pad1.08x0.95mm_HandSolder","2","","CL10C8R2CB81PNC","https://www.digikey.com/en/products/detail/samsung-electro-mechanics/CL10C8R2CB81PNC/5961050?s=N4IgTCBcDaIMIBkCMAGOAOASmOAhdSACgHJwgC6AvkA"
"C7","2.2uF/25V","Capacitor_SMD:C_0603_1608Metric_Pad1.08x0.95mm_HandSolder","1","","GRT188C71E225KE13D","https://www.digikey.com/en/products/detail/murata-electronics/GRT188C71E225KE13D/16033473?s=N4IgTCBcDaIOICUAqBGAHGgwgdhQUTDAFYBpPFAZgBEQBdAXyA"
"C8,C9,C11","100nF/50V","Capacitor_SMD:C_0603_1608Metric_Pad1.08x0.95mm_HandSolder","3","","CL10B104KB8WPNC","https://www.digikey.com/en/products/detail/samsung-electro-mechanics/CL10B104KB8WPNC/5961338?s=N4IgTCBcDaIMIBkCMAGAQqgLAaTQDgHUAFAOThAF0BfIA"
"C10","100nF/25V","Capacitor_SMD:C_0603_1608Metric_Pad1.08x0.95mm_HandSolder","1","","CGA3E2X7R1E104K080AA","https://www.digikey.com/en/products/detail/tdk-corporation/CGA3E2X7R1E104K080AA/2443145?s=N4IgTCBcDaIMIHECCBmAomAGgdgEoEY18AGAFgGliAOYpJEAXQF8g"
"C12,C14","10nF/50V","Capacitor_SMD:C_0603_1608Metric_Pad1.08x0.95mm_HandSolder","2","","GCM188R71H103KA37D","https://www.digikey.com/en/products/detail/murata-electronics/GCM188R71H103KA37D/1641652?s=N4IgTCBcDaIOIGECyBGAHGgSgdhQCRQAYBmAaQEFjsAREAXQF8g"
"C13","10uF/16V","Capacitor_SMD:C_0603_1608Metric_Pad1.08x0.95mm_HandSolder","1","","GRT188R61C106ME13D","https://www.digikey.com/en/products/detail/murata-electronics/GRT188R61C106ME13D/5416740?s=N4IgTCBcDaIOICUAqBGAHGhA2FBhFADFgLICiKAzACIgC6AvkA"
"D1","SMAJ36CA","Diode_SMD:D_SMA","1","","SMAJ36CA-AT/TR7","https://ozdisan.com/guc-yari-iletkenleri/diyotlar-modul-diyotlar-ve-dogrultucular/tvs-diyotlar/SMAJ36CA-ATTR7/973895"
"D2","V10P10HM3_A_H","Package_TO_SOT_SMD:TO-277A","1","","V10P10HM3_A/H","https://www.digikey.com/en/products/detail/vishay-general-semiconductor-diodes-division/V10P10HM3-A-H/5427050"
"IC1","dsPIC33EV128GM104","Package_QFP:TQFP-44_10x10mm_P0.8mm","1","","dsPIC33EV128GM104","https://www.microchip.com/en-us/product/dspic33ev128gm104"
"J1","Conn_01x06","Connector_PinHeader_2.54mm:PinHeader_1x06_P2.54mm_Vertical","1","","5PS1SDA85-106G0NNNAL-00","https://ozdisan.com/Product/Detail/354014/5PS1SDA85-106G0NNNAL-00"
"J2","Conn_01x09","Connector_PinHeader_2.54mm:PinHeader_1x09_P2.54mm_Vertical","1","","DS1023-1X9S21","https://ozdisan.com/Product/Detail/421997/DS1023-1X9S21"
"J3","Conn_01x03","Connector_PinHeader_2.54mm:PinHeader_1x03_P2.54mm_Vertical","1","","DS1023-1X3SF11","https://ozdisan.com/Product/Detail/454405/DS1023-1X3SF11"
"Q1","CX3225CA-12MHz","ECU_SW_Control_lib:CX3225SB40000D0FLJCC","1","","CX3225CA12000D0HSSCC","https://www.digikey.com/en/products/detail/kyocera-avx/CX3225CA12000D0HSSCC/4453836"
"R1","300R/1%","Resistor_SMD:R_0603_1608Metric_Pad0.98x0.95mm_HandSolder","1","","ERJ-3EKF3000V","https://ozdisan.com/passive-components/resistors/smt-smd-and-chip-resistors/ERJ-3EKF3000V/614721"
"R2,R3","60.4R/1%","Resistor_SMD:R_0603_1608Metric_Pad0.98x0.95mm_HandSolder","2","","ERJ-U03F60R4V","https://www.digikey.com/en/products/detail/panasonic-electronic-components/ERJ-U03F60R4V/11634997"
"R4","1M/1%","Resistor_SMD:R_0603_1608Metric_Pad0.98x0.95mm_HandSolder","1","","ERJ-3EKF1004V","https://www.digikey.com/en/products/detail/panasonic-electronic-components/ERJ-3EKF1004V/196033"
"R5,R6,R11,R12,R13,R14,R15,R16,R17","100R/1%","Resistor_SMD:R_0603_1608Metric_Pad0.98x0.95mm_HandSolder","9","","ERJ-3EKF1000V","https://www.digikey.com/en/products/detail/panasonic-electronic-components/ERJ-3EKF1000V/196074?s=N4IgTCBcDaIKICUBSBaAzHA0gMQIwAZCA1EAXQF8g"
"R7,R8,R9,R10","10k/1%","Resistor_SMD:R_0603_1608Metric_Pad0.98x0.95mm_HandSolder","4","","ERJ-3EKF1002V","https://www.digikey.com/en/products/detail/panasonic-electronic-components/ERJ-3EKF1002V/196066?s=N4IgTCBcDaIKICUBSBaAzHA0gMQIwAZ8wA1EAXQF8g"
"R18,R19","0/5%","Resistor_SMD:R_0603_1608Metric_Pad0.98x0.95mm_HandSolder","2","DNP","0603SAJ0000TDE","https://ozdisan.com/pasif-komponentler/direncler/smt-smd-ve-cip-direncler/0603SAJ0000TDE/602709"
"U1","LF50_TO252","ECU_SW_Control_lib:LF50CDTTRY","1","","LF50CDT-TRY","https://www.digikey.com/en/products/detail/stmicroelectronics/LF50CDT-TRY/2193170"
"U2","MCP2561-E-SN","Package_SO:SOIC-8_3.9x4.9mm_P1.27mm","1","","MCP2561-E-SN","https://ozdisan.com/entegre-devreler-icler/interface-entegreleri/driver-receiver-ve-transceiver-entegreleri/MCP2561-ESN/457815"
